{
  "n": 17,
  "sum_ret_bps": 12.046219212533682,
  "hit_rate": 1.0,
  "final_equity": 1.0012051699150861,
  "dir_cv": {
    "auc": 0.6,
    "brier": 0.28621794172330284,
    "balanced_acc": 0.5
  }
}